jurisdiction_key,jurisdiction,county_raw,priority,data_type,office,phone,source_url,office_address,records_foia,access,updates,verified,notes,source_workbook
baltimore_county_md,"Baltimore County, MD","Baltimore County, MD",Pull first (A),Probate / Estates / Unknown Heirs,"Register of Wills for Baltimore County - Alexis Burrell-Rohde, Register of Wills for Baltimore County","410-887-6680 (Main Number), 410-887-2893 (New Proceedings Division)",https://registers.maryland.gov/main/baltimore.html,"County Courts Building, 401 Bosley Avenue, Room 500, Towson, Maryland 21204",Click Here (Email link on website),Easy,Daily,Verified,"The office encourages calling before visiting to ensure all required documents are prepared. Online estate search is available statewide via https://registers.maryland.gov/main/search.html. Filings cannot be accepted via email. Original wills can be mailed for safekeeping with a $5 fee. Drop box available for submissions, with last pickup at 3:30 p.m. Copies can be requested online or by phone.",county-compare-24005-24031-24003-24021-24013-24009-doors-per-deal-community.xlsx
baltimore_county_md,"Baltimore County, MD","Baltimore County, MD",Pull first (A),Foreclosure (Judicial/Nonjudicial),"Circuit Court for Baltimore County, Clerk's Office","410-887-2139 (Circuit Court), 410-887-3497 (Central Assignment Office)",https://www.baltimorecountymd.gov/departments/circuit/daily-docket,"401 Bosley Avenue, Towson, Maryland 21204",baltcocc@mdcourts.gov,Medium,Daily,Verified,"The online Daily Docket includes all scheduled events for Civil, Criminal, and Domestic cases, updated between 4 and 4:30 p.m. each day for the next day's docket. Foreclosure complaints (judicial foreclosures) would appear here. For nonjudicial foreclosures, check the Recorder/Register of Deeds for Notice of Trustee Sale filings. Information is subject to change; verify courtroom assignments on monitors at the courthouse. No direct search for 'foreclosure' on the daily docket, requires manual review of civil cases.",county-compare-24005-24031-24003-24021-24013-24009-doors-per-deal-community.xlsx
baltimore_county_md,"Baltimore County, MD","Baltimore County, MD",Pull first (A),Recorder / Register of Deeds - Lien & Deed Index,"Clerk of the Circuit Court, Land Records Division","410-887-2650 (Baltimore County Land Records), 410-887-3088 (Circuit Court Land Records Office)",https://landrec.msa.maryland.gov/,"401 Bosley Avenue, Towson, Maryland 21204",,Easy,Daily,Verified,"Maryland Land Records (MDLandRec) is the digital repository for land records, including deeds, mortgages, and various liens (mechanic's, IRS & state tax, HOA, child-support, lis pendens). Requires account creation for full access. Tax and child-support liens are indexed against the person, requiring name-matching to the assessor roll. The site provides a search guide and contact for helpdesk.",county-compare-24005-24031-24003-24021-24013-24009-doors-per-deal-community.xlsx
baltimore_county_md,"Baltimore County, MD","Baltimore County, MD",Pull first (A),Tax Sale / Delinquent Tax Auction,"Office of Budget and Finance, Taxpayer Services","410-887-5616 (Tax Sale Information), 410-887-3313 (Office of Budget and Finance)",https://www.baltimorecountymd.gov/departments/budfin/taxpayer-services/tax-sale,"400 Washington Avenue, Room 150, Towson, Maryland 21204",financeinfo@baltimorecountymd.gov,Easy,Annually (list updated weekly prior to sale),Verified,Baltimore County conducts an annual tax sale for properties with unpaid real property taxes. The notice of advertisement is published weekly for four weeks prior to the sale. The list is updated on Thursdays. Property owners have six months from the sale date to redeem the property. Penalties and fees apply to delinquent accounts. Past winning bidder reports are available on the website.,county-compare-24005-24031-24003-24021-24013-24009-doors-per-deal-community.xlsx
baltimore_county_md,"Baltimore County, MD","Baltimore County, MD",Pull first (A),County Tax Delinquency (pre-sale roll),"Office of Budget and Finance, Taxpayer Services",410-887-3313,https://www.baltimorecountymd.gov/departments/budfin/taxpayer-services/late-unpaid-taxes,"400 Washington Avenue, Room 150, Towson, Maryland 21204",financeinfo@baltimorecountymd.gov,Medium,Annually (delinquent notices mailed in February),Verified,"Delinquent notices are mailed in February to all taxpayers with unpaid accounts. Any unpaid balances past December 31 are considered delinquent and subject to interest and penalties. The full pre-sale roll is not directly published online as a single list, but the tax sale list serves as the pre-auction delinquent roll. Individual property tax payment status can be checked via the PropertyTaxPayment system (mytax.baltimorecountymd.gov).",county-compare-24005-24031-24003-24021-24013-24009-doors-per-deal-community.xlsx
baltimore_county_md,"Baltimore County, MD","Baltimore County, MD",Pull first (A),City Tax Delinquency (each incorporated city),N/A (Baltimore County handles county-wide property taxes),,,,,,,Verified,"Baltimore County handles property taxes for the entire county, including incorporated areas. There is no separate 'city tax delinquency' list for individual incorporated cities within Baltimore County. Baltimore City (a separate jurisdiction) has its own tax sale and delinquency process.",county-compare-24005-24031-24003-24021-24013-24009-doors-per-deal-community.xlsx
baltimore_county_md,"Baltimore County, MD","Baltimore County, MD",Pull next (B),Code Violations - Unincorporated County,"Department of Permits, Approvals and Inspections (PAI), Code Enforcement Division",410-887-3950 (Code Enforcement),https://www.baltimorecountymd.gov/departments/pai/code-enforcement,"111 W. Chesapeake Avenue, Towson, Maryland 21204",pai@baltimorecountymd.gov,Medium,Ongoing,Verified,"PAI handles code enforcement for all of Baltimore County. The website provides information on how to report a violation and common violations. An online portal for searching specific code violations by address is not readily apparent from the main page, suggesting a records request or direct inquiry may be needed for detailed lists. They use an online complaint form for reporting.",county-compare-24005-24031-24003-24021-24013-24009-doors-per-deal-community.xlsx
baltimore_county_md,"Baltimore County, MD","Baltimore County, MD",Pull next (B),Code Violations - City,N/A (Baltimore County handles code enforcement for all areas),,,,,,,Verify locally,"Baltimore County's Department of Permits, Approvals and Inspections (PAI) handles code enforcement for all areas within Baltimore County, including incorporated towns. There is no separate city-level code violation system for individual incorporated cities within the county.",county-compare-24005-24031-24003-24021-24013-24009-doors-per-deal-community.xlsx
baltimore_county_md,"Baltimore County, MD","Baltimore County, MD",Pull next (B),Condemned / Unsafe Structures / Demolition,"Department of Permits, Approvals and Inspections (PAI), Code Enforcement Division",410-887-3950 (Code Enforcement),https://www.baltimorecountymd.gov/departments/pai/code-enforcement,"111 W. Chesapeake Avenue, Towson, Maryland 21204",pai@baltimorecountymd.gov,Medium,Ongoing,Verify locally,"Information regarding condemned, unsafe structures, or demolition orders would fall under the purview of Code Enforcement. While the website details general code enforcement, a specific public list or database for condemned/unsafe structures is not explicitly provided. A public records request or direct contact with the department would likely be necessary to obtain such a list.",county-compare-24005-24031-24003-24021-24013-24009-doors-per-deal-community.xlsx
baltimore_county_md,"Baltimore County, MD","Baltimore County, MD",Pull last (C),Multiple-Eviction Landlords,"District Court of Maryland for Baltimore County, Clerk's Office",410-512-2000 (District Court Main Number),https://www.mdcourts.gov/district/baltimore,"120 E. Chesapeake Avenue, Towson, Maryland 21204 (Towson District Court)",,Hard,Daily,Verify locally,"Eviction (failure to pay rent, tenant holding over) cases are heard in the District Court. To identify 'multiple-eviction landlords,' one would need to access the court's electronic docket (Maryland Judiciary Case Search) and search by plaintiff name. This requires knowing landlord names or performing broad searches and filtering. The public portal does not easily allow for bulk data extraction or searching for patterns like multiple filings by a single entity.",county-compare-24005-24031-24003-24021-24013-24009-doors-per-deal-community.xlsx
montgomery_md,"Montgomery, MD","Montgomery County, MD",Pull first (A),Probate / Estates / Unknown Heirs,Register of Wills for Montgomery County,"240-777-9600 (Main Number), 240-777-9620 (New Proceedings Division)",https://registers.maryland.gov/main/montgomery.html,"50 Maryland Avenue North Tower 3220, Rockville, Maryland 20850",Click Here (on website),Easy,Daily,Verified,Online estate search available statewide via https://registers.maryland.gov/main/search.html. Contact the New Proceedings Division for opening new estates. Records Division handles copy requests (240-777-9680). Live chat available 8:30 am - 4:30 pm M-F. Documents no larger than 25 pages can be emailed in PDF format.,county-compare-24005-24031-24003-24021-24013-24009-doors-per-deal-community.xlsx
montgomery_md,"Montgomery, MD","Montgomery County, MD",Pull first (A),Foreclosure (first public signal for this state's process),Circuit Court Land Records Public Information Room,240-777-9477,https://www.montgomerycountymd.gov/circuit-court/how-do-i/land-records,"North Tower, Second Floor, Room 2120, Rockville, Maryland",mccclandrecdept@mdcourts.gov,Medium,Daily,Verified,"Foreclosures can be judicial (Circuit Court) or nonjudicial (Recorder-filed notice). Search for lis pendens and trustee sale filings. MDLandRec (https://mdlandrec.net/) provides free online access to land records, including liens and judgments, after registration. Equity Index Books (1777-1981) are at Maryland State Archives online. Search by name, liber/folio, or tax account number. Copies available from Duplication Department (240-777-9480).",county-compare-24005-24031-24003-24021-24013-24009-doors-per-deal-community.xlsx
montgomery_md,"Montgomery, MD","Montgomery County, MD",Pull first (A),"Recorder / Register of Deeds - Lien & Deed Index (mechanic's, tax, HOA, child-support liens; lis pendens)",Circuit Court Land Records Public Information Room,240-777-9477,https://www.montgomerycountymd.gov/circuit-court/how-do-i/land-records,"North Tower, Second Floor, Room 2120, Rockville, Maryland",mccclandrecdept@mdcourts.gov,Medium,Daily,Verified,"MDLandRec (https://mdlandrec.net/) provides free online access to land records, including liens and judgments, after registration. Search by name, liber/folio, or tax account number. Tax and child-support liens are indexed against the person, requiring name-matching to the assessor roll. Copies available from Duplication Department (240-777-9480).",county-compare-24005-24031-24003-24021-24013-24009-doors-per-deal-community.xlsx
montgomery_md,"Montgomery, MD","Montgomery County, MD",Pull first (A),Tax Sale / Delinquent Tax Auction,"Department of Finance, Division of Treasury",,https://www.montgomerycountymd.gov/department-finance/tax-sale/tax-sale-information-procedures,"27 Courthouse Square, Suite 200, Rockville, Maryland 20850",,Medium,Annually (second Monday in June),Verified,"Montgomery County conducts a public sealed bid tax lien sale annually. The sale is for tax liens, not the property itself. The owner retains title and can redeem. A notice of sale is mailed at least 30 days prior to advertisement. The County recommends seeking legal advice prior to participation. Specific list of properties for sale is published prior to the auction. No direct link to a current delinquent list found, but information on the sale process is detailed.",county-compare-24005-24031-24003-24021-24013-24009-doors-per-deal-community.xlsx
montgomery_md,"Montgomery, MD","Montgomery County, MD",Pull first (A),County Tax Delinquency (pre-sale roll),"Department of Finance, Division of Treasury",,https://www.montgomerycountymd.gov/department-finance/tax-sale/tax-sale-information-procedures,"27 Courthouse Square, Suite 200, Rockville, Maryland 20850",,Medium,Ongoing / Annually updated,Verified,"The county collects all unpaid and delinquent property taxes. While a specific 'pre-sale roll' URL isn't provided, the tax sale information page indicates that properties with unpaid taxes are subject to the annual tax sale. The list of properties for the tax sale would serve as the pre-sale roll. Contact the Department of Finance for access to the current delinquent roll prior to the annual sale.",county-compare-24005-24031-24003-24021-24013-24009-doors-per-deal-community.xlsx
montgomery_md,"Montgomery, MD","Montgomery County, MD",Pull first (A),City Tax Delinquency (each incorporated city),"e.g., City of Rockville Finance Department",,,,,Hard,,Verify locally,"Montgomery County has several incorporated cities (e.g., Rockville, Gaithersburg, Takoma Park). Each city may levy its own property taxes and maintain separate delinquent lists. This would require individual research for each city. Start with the city's finance or treasurer department.",county-compare-24005-24031-24003-24021-24013-24009-doors-per-deal-community.xlsx
montgomery_md,"Montgomery, MD","Montgomery County, MD",Pull next (B),Code Violations - City,"e.g., City of Rockville Code Enforcement",,,,,Hard,,Verify locally,"Code violations are typically a city function. Many cities use Accela 'Citizen Access' portals. Research each incorporated city (e.g., Rockville, Gaithersburg, Takoma Park) for their specific code enforcement department and online portal. Look for an 'Export-to-Excel' option.",county-compare-24005-24031-24003-24021-24013-24009-doors-per-deal-community.xlsx
montgomery_md,"Montgomery, MD","Montgomery County, MD",Pull next (B),Code Violations - Unincorporated County,Montgomery County Department of Permitting Services (DPS) - Code Enforcement,311 or 240-777-0311 (MC311),https://montgomerycountymd.gov/dps/code-enforcement/index.html,"2425 Reedie Drive, 7th Floor, Wheaton, Maryland 20902",dps.publicrecords@montgomerycountymd.gov,Medium,Ongoing,Verify locally,"The Department of Permitting Services handles code enforcement for unincorporated areas. They have an online complaint system and a public records request process. An online portal for searching violations by address directly was not immediately apparent, suggesting records requests or 311 inquiries might be the primary method.",county-compare-24005-24031-24003-24021-24013-24009-doors-per-deal-community.xlsx
montgomery_md,"Montgomery, MD","Montgomery County, MD",Pull next (B),Condemned / Unsafe Structures / Demolition,Montgomery County Department of Permitting Services (DPS) - Code Enforcement,311 or 240-777-0311 (MC311),https://montgomerycountymd.gov/dps/code-enforcement/index.html,"2425 Reedie Drive, 7th Floor, Wheaton, Maryland 20902",dps.publicrecords@montgomerycountymd.gov,Medium,Ongoing,Verify locally,These types of violations would fall under the purview of Code Enforcement within the Department of Permitting Services. Specific lists of condemned or unsafe structures are usually not publicly indexed online but can be requested through public records. Inquire via MC311 or public records request.,county-compare-24005-24031-24003-24021-24013-24009-doors-per-deal-community.xlsx
montgomery_md,"Montgomery, MD","Montgomery County, MD",Pull last (C),Multiple-Eviction Landlords,Montgomery County Circuit Court Clerk / District Court Clerk,240-777-9400 (Circuit Court Clerk),https://www.mdcourts.gov/casesearch,"50 Maryland Avenue, Rockville, MD 20850 (Circuit Court)",,Medium,Daily,Verify locally,"Eviction (failure to pay rent, tenant holding over) cases are heard in the District Court of Maryland. Statewide Case Search (https://www.mdcourts.gov/casesearch) allows searching civil cases by party name. Search for plaintiffs (landlords) with multiple filings. While the Circuit Court handles some civil matters, District Court is the primary venue for evictions. No direct portal for 'multiple-eviction landlords' exists; this requires manual searching and analysis of court records.",county-compare-24005-24031-24003-24021-24013-24009-doors-per-deal-community.xlsx
anne_arundel_md,"Anne Arundel, MD","Anne Arundel County, MD",Pull first (A),Probate / Estates / Unknown Heirs,Register of Wills for Anne Arundel County,410-222-1430,https://registers.maryland.gov/main/annearundel.html,"2011 E Commerce Park Drive, Annapolis, Maryland 21401",row.aacounty@registers.maryland.gov,Easy,Daily,Verified,"The Register of Wills handles probate filings. Estate search is available online via the statewide portal. Walk-ins are accepted until 3:30 PM. Email is for general inquiries, not for filings or Public Information Act requests. Call before visiting to understand procedures and required documents.",county-compare-24005-24031-24003-24021-24013-24009-doors-per-deal-community.xlsx
anne_arundel_md,"Anne Arundel, MD","Anne Arundel County, MD",Pull first (A),Foreclosure (first public signal for this state's process),"Circuit Court for Anne Arundel County, Clerk of the Court",410-222-1397,https://www.circuitcourt.org/daily-docket,"8 Church Circle, Annapolis, MD 21401",,Medium,Daily,Verified,Maryland uses either judicial or nonjudicial foreclosure. Judicial foreclosures are filed in the Circuit Court. The daily civil docket is updated between 3:00 and 3:30 PM each day for the next day's docket. Users should refresh their screen to ensure an up-to-date docket. Nonjudicial foreclosures would be recorded with the Land Records Department.,county-compare-24005-24031-24003-24021-24013-24009-doors-per-deal-community.xlsx
anne_arundel_md,"Anne Arundel, MD","Anne Arundel County, MD",Pull first (A),Recorder / Register of Deeds - Lien & Deed Index,"Circuit Court for Anne Arundel County, Land Records Department",410-222-1425,https://www.mdlandrec.net,"8 Church Circle, Annapolis, MD 21401",,Easy,Daily,Verified,"The Land Records Department records deeds, mortgages/deeds of trust, releases, subdivision/condominium plats, and other real property instruments. Verified land records can be viewed online at mdlandrec.net (requires account with Maryland State Archives). Plats can be viewed at plats.msa.maryland.gov. The office is prohibited from providing legal assistance or title searches. Copies are $0.50 per page, certified copies are an additional $5.00 per document.",county-compare-24005-24031-24003-24021-24013-24009-doors-per-deal-community.xlsx
anne_arundel_md,"Anne Arundel, MD","Anne Arundel County, MD",Pull first (A),Tax Sale / Delinquent Tax Auction,"Anne Arundel County Office of Finance, Tax Sale Division",410-222-1735,https://www.aacounty.org/finance/tax-sale,"44 Calvert Street, Annapolis, MD 21401",,Easy,Annually (June),Verified,"The county holds an annual tax sale in June. The county sells its first lien on the property to a tax sale purchaser. Bidders must register online at annearundel.marylandtaxsale.com. A final list of tax sale properties is posted on the website before the sale. Maryland is a tax lien state, meaning the owner retains title and can redeem the property.",county-compare-24005-24031-24003-24021-24013-24009-doors-per-deal-community.xlsx
anne_arundel_md,"Anne Arundel, MD","Anne Arundel County, MD",Pull first (A),County Tax Delinquency (pre-sale roll),"Anne Arundel County Office of Finance, Tax Sale Division",410-222-1735,https://www.aacounty.org/finance/tax-sale,"44 Calvert Street, Annapolis, MD 21401",,Medium,Annually (pre-sale),Verified,The delinquent tax roll is typically available in the weeks leading up to the annual tax sale in June. This list identifies properties with unpaid taxes before they are offered at auction. Contact the Tax Sale Division for information on the current delinquent roll.,county-compare-24005-24031-24003-24021-24013-24009-doors-per-deal-community.xlsx
anne_arundel_md,"Anne Arundel, MD","Anne Arundel County, MD",Pull first (A),City Tax Delinquency (each incorporated city),"City of Annapolis, Finance Department",410-263-7953,https://www.annapolis.gov/173/Finance-Department,"160 Duke of Gloucester Street, Annapolis, MD 21401",,Medium,Annually,Verify locally,The City of Annapolis levies its own property tax. A separate delinquent tax list would be maintained by the City's Finance Department. Check the City of Annapolis website or contact their Finance Department for information on their tax sale process and delinquent roll.,county-compare-24005-24031-24003-24021-24013-24009-doors-per-deal-community.xlsx
anne_arundel_md,"Anne Arundel, MD","Anne Arundel County, MD",Pull next (B),Code Violations - City,"City of Annapolis, Department of Planning and Zoning, Code Enforcement",410-263-7946,https://www.annapolis.gov/300/Code-Enforcement,"160 Duke of Gloucester Street, Annapolis, MD 21401",,Medium,Ongoing,Verify locally,The City of Annapolis handles code enforcement within its municipal limits. Information on code violations may be available through their Department of Planning and Zoning. Many cities use online portals for citizen access to code enforcement records; check the City of Annapolis website for such a portal.,county-compare-24005-24031-24003-24021-24013-24009-doors-per-deal-community.xlsx
anne_arundel_md,"Anne Arundel, MD","Anne Arundel County, MD",Pull next (B),Code Violations - Unincorporated County,"Anne Arundel County, Department of Inspections and Permits, Code Enforcement Division",410-222-7441,https://www.aacounty.org/departments/inspections-and-permits/code-enforcement/,"2664 Riva Road, Annapolis, MD 21401",,Medium,Ongoing,Verify locally,Code violations in unincorporated areas of Anne Arundel County are handled by the Department of Inspections and Permits. Their website provides information on code enforcement. Records may be accessible through a public records request or an online portal if available.,county-compare-24005-24031-24003-24021-24013-24009-doors-per-deal-community.xlsx
anne_arundel_md,"Anne Arundel, MD","Anne Arundel County, MD",Pull next (B),Condemned / Unsafe Structures / Demolition,"Anne Arundel County, Department of Inspections and Permits, Code Enforcement Division",410-222-7441,https://www.aacounty.org/departments/inspections-and-permits/code-enforcement/,"2664 Riva Road, Annapolis, MD 21401",,Medium,Ongoing,Verify locally,"Information regarding condemned, unsafe structures, or demolition orders would typically fall under the purview of the Code Enforcement Division within the Department of Inspections and Permits. Public records requests may be necessary to obtain specific property lists.",county-compare-24005-24031-24003-24021-24013-24009-doors-per-deal-community.xlsx
anne_arundel_md,"Anne Arundel, MD","Anne Arundel County, MD",Pull last (C),Multiple-Eviction Landlords,"District Court of Maryland for Anne Arundel County, Clerk's Office",410-260-1370,http://www.mdcourts.gov/district/directories/annearundel,"251 Rowe Blvd, Annapolis, MD 21401 (Annapolis District Court)",,Medium,Daily,Verify locally,"Eviction (Tenant Holding Over/Wrongful Detainer) cases are heard in the District Court. The statewide Case Search portal (casesearch.courts.state.md.us/casesearch/) can be used to search for eviction filings. Searching by plaintiff name (landlord) can identify landlords with multiple filings. The District Court also has a Glen Burnie location (7500 Ritchie Hwy, Glen Burnie, MD 21061, 410-260-1370).",county-compare-24005-24031-24003-24021-24013-24009-doors-per-deal-community.xlsx
frederick_md,"Frederick, MD","Frederick County, MD",Pull first (A),Probate / Estates / Unknown Heirs,"Register of Wills for Frederick County - Mary C. Rolle, Register of Wills",301-600-6565,https://registers.maryland.gov/main/frederick.html,"Courthouse, 100 West Patrick Street, Frederick, Maryland 21701",Click Here (email link on website),Easy,Daily,Verified,"Estate search available online via the Maryland Register of Wills website. Notice to Creditors opens the claim window and names the decedent + personal representative. Probate rarely carries the property address; a separate assessor lookup fills it. Contact the personal representative / executor, never the deceased. Filings cannot be accepted via email.",county-compare-24005-24031-24003-24021-24013-24009-doors-per-deal-community.xlsx
frederick_md,"Frederick, MD","Frederick County, MD",Pull first (A),Recorder / Register of Deeds - Lien & Deed Index,Clerk of the Circuit Court for Frederick County (Land Records),301-600-2354,https://landrec.msa.maryland.gov/,"30 North Market Street, Frederick, MD 21701",,Medium,Daily,Verified,"Records deeds, mortgages, liens (mechanic's, IRS & state tax, HOA, child-support), plats, and conveyances. Digital repository for land records is available online. Tax and child-support liens are indexed against the person, not the parcel; name-match to the assessor roll is required.",county-compare-24005-24031-24003-24021-24013-24009-doors-per-deal-community.xlsx
frederick_md,"Frederick, MD","Frederick County, MD",Pull first (A),Tax Sale / Delinquent Tax Auction,Frederick County Treasury Department,301-600-1111,https://frederickcountymd.gov/2005/Tax-Sale,"12 E. Church St., Frederick, MD 21701",taxsale@frederickcountymd.gov,Easy,Annually (second Monday in May),Verified,Maryland is a tax lien state. The tax sale is an internet-based auction. Properties are advertised in a local newspaper and on the website approximately 30 days before the sale. The '2026 Tax Sale Property Listing' is available online. Pre-registration is required for bidders. Marketing window is before the auction.,county-compare-24005-24031-24003-24021-24013-24009-doors-per-deal-community.xlsx
frederick_md,"Frederick, MD","Frederick County, MD",Pull first (A),County Tax Delinquency (pre-sale roll),Frederick County Treasury Department,301-600-1111,http://wp.fredericknewspost.com/databases/fnp-databases/taxes/,"12 E. Church St., Frederick, MD 21701",taxsale@frederickcountymd.gov,Easy,Ongoing / Updated periodically,Verified,"A searchable database of Frederick County Delinquent Taxes is available through the Frederick News-Post. This list includes Parcel ID, Owner Name, and Sale Amount, indicating properties with outstanding taxes before the annual tax sale. This is the 'ongoing roll' of owners who owe but no auction date is set yet.",county-compare-24005-24031-24003-24021-24013-24009-doors-per-deal-community.xlsx
frederick_md,"Frederick, MD","Frederick County, MD",Pull first (A),Foreclosure (first public signal for this state's process),Clerk of the Circuit Court for Frederick County,301-600-1976,https://casesearch.courts.state.md.us/,"30 North Market Street, Frederick, MD 21701",,Medium,Daily,Verify locally,Maryland uses either judicial or nonjudicial foreclosure. Judicial foreclosures are filed with the Circuit Court. Search the Maryland Judiciary Case Search portal for 'foreclosure' cases. Nonjudicial foreclosures involve a trustee sale and are recorded with the Clerk of the Circuit Court (Land Records). Need to pull both the court foreclosure docket and the recorder's trustee-sale filings.,county-compare-24005-24031-24003-24021-24013-24009-doors-per-deal-community.xlsx
frederick_md,"Frederick, MD","Frederick County, MD",Pull first (A),City Tax Delinquency (each incorporated city),City of Frederick Treasurer's Office,"301-600-1111 (Frederick County general line, need to confirm city specific)",,"101 N Court St, Frederick, MD 21701",,Medium,,Verify locally,Cities often levy their own property tax. A separate city delinquent list would need to be obtained from the City of Frederick Treasurer's Office. This information was not readily available on the Frederick County or City of Frederick websites. Further investigation into the City of Frederick's specific tax collection process is needed.,county-compare-24005-24031-24003-24021-24013-24009-doors-per-deal-community.xlsx
frederick_md,"Frederick, MD","Frederick County, MD",Pull next (B),Code Violations - City,City of Frederick Code Enforcement,301-600-1474,https://frederickmd.gov/224/Code-Enforcement,"111 Airport Dr E, Frederick, MD 21701",,Medium,Daily,Verified,"The City of Frederick has a Code Enforcement division. Many cities use Accela 'Citizen Access' portals for code violations, which often allow for data export. Need to confirm if the City of Frederick uses such a system or if records requests are required.",county-compare-24005-24031-24003-24021-24013-24009-doors-per-deal-community.xlsx
frederick_md,"Frederick, MD","Frederick County, MD",Pull next (B),Code Violations - Unincorporated County,Frederick County Division of Code Enforcement,301-600-1070,https://frederickcountymd.gov/112/Code-Enforcement,"30 N Market St, Frederick, MD 21701",,Medium,Daily,Verify locally,The Frederick County Division of Code Enforcement handles violations in unincorporated areas. Online access to a searchable database of violations is not immediately apparent. Records requests may be necessary.,county-compare-24005-24031-24003-24021-24013-24009-doors-per-deal-community.xlsx
frederick_md,"Frederick, MD","Frederick County, MD",Pull next (B),Condemned / Unsafe Structures / Demolition,Frederick County Division of Code Enforcement,301-600-1070,https://frederickcountymd.gov/112/Code-Enforcement,"30 N Market St, Frederick, MD 21701",,Medium,,Verify locally,"Information regarding condemned, unsafe structures, or demolition orders would likely fall under the purview of the County's Code Enforcement division. Specific public lists or databases for these categories were not found. A public records request may be needed.",county-compare-24005-24031-24003-24021-24013-24009-doors-per-deal-community.xlsx
frederick_md,"Frederick, MD","Frederick County, MD",Pull last (C),Multiple-Eviction Landlords,District Court of Maryland for Frederick County (Civil Division),301-600-2000,https://casesearch.courts.state.md.us/,"100 West Patrick Street, Frederick, MD 21701",,Medium,Daily,Verify locally,Eviction (unlawful detainer) cases are handled by the District Court. Search the Maryland Judiciary Case Search portal. Focus on identifying landlords (plaintiffs) with multiple filings (2+ in 12 months) rather than tenants.,county-compare-24005-24031-24003-24021-24013-24009-doors-per-deal-community.xlsx
carroll_md,"Carroll, MD","Carroll County, MD",Pull first (A),Probate / Estates / Unknown Heirs,"Register of Wills for Carroll County - Paul G. Zimmermann, Register of Wills","410-848-2586 (Main), 410-876-3158 (Alternate), 888-876-0034 (Toll Free)",https://registers.maryland.gov/main/carroll.html,"Courthouse Annex, 55 North Court Street, Room 124, Westminster, Maryland 21157",Click Here (Email link on website),Easy,Daily,Verified,"Filings cannot be accepted via email. Online estate search available statewide. Call for appointment before visiting. Notice to Creditors opens the claim window and names the decedent + personal representative; probate rarely carries the property address (a separate assessor lookup fills it). Contact the personal representative / executor, never the deceased.",county-compare-24005-24031-24003-24021-24013-24009-doors-per-deal-community.xlsx
carroll_md,"Carroll, MD","Carroll County, MD",Pull first (A),Foreclosure,"Clerk of the Circuit Court for Carroll County - Sarah Bradberry, Circuit Court Clerk",410-386-8710,http://www.courts.state.md.us/clerks/carroll/records,"55 N. Court Street, Westminster, MD 21157-5155",,Medium,Daily,Verified,"Maryland is an EITHER state - lenders use judicial OR nonjudicial per the recorded instrument. The first public signal is EITHER a court lis pendens / foreclosure complaint OR a recorder-filed notice / trustee sale. Pull BOTH the recorder's trustee-sale filings AND the court foreclosure docket (the lender picks the path in this state; run one cycle of both, keep the one that fills). Civil case information, including foreclosures, is available online through Case Search. Records are available to the public for review.",county-compare-24005-24031-24003-24021-24013-24009-doors-per-deal-community.xlsx
carroll_md,"Carroll, MD","Carroll County, MD",Pull first (A),Recorder / Register of Deeds - Lien & Deed Index,"Clerk of the Circuit Court for Carroll County, Land Records & Licensing Department",410-386-8760,https://landrec.msa.maryland.gov/,"55 N. Court Street, Westminster, MD 21157-5155",,Easy,Daily,Verified,"Mechanic's, IRS & state tax, HOA, child-support liens + lis pendens all live in the recorder index. Deeds can be viewed for free online through mdlandrec.net; account creation with Maryland State Archives is required. GOTCHA: tax and child-support liens are indexed against the PERSON, not the parcel - name-match to the assessor roll. Some or most land records are available on MDLANDREC.NET.",county-compare-24005-24031-24003-24021-24013-24009-doors-per-deal-community.xlsx
carroll_md,"Carroll, MD","Carroll County, MD",Pull first (A),Tax Sale / Delinquent Tax Auction,"Carroll County Comptroller, Collections Office","410-386-2971 (Option 3 for payments, general inquiries)",https://www.carrollcountymd.gov/government/directory/comptroller/collectionstaxes/,"225 North Center Street, Westminster, MD 21157",,Easy,Annually (June),Verified,MD is a tax lien state (owner keeps title and can redeem: the best marketing window). Carroll County conducts an online Tax Sale in June of each year with RealAuction.com. The tax sale list is printed in the Carroll County Times newspaper the four consecutive Fridays prior to the annual sale. Market the owner before the auction. Tax Sale results are posted online.,county-compare-24005-24031-24003-24021-24013-24009-doors-per-deal-community.xlsx
carroll_md,"Carroll, MD","Carroll County, MD",Pull first (A),County Tax Delinquency (pre-sale roll),"Carroll County Comptroller, Collections Office",410-386-2971,https://www.carrollcountymd.gov/government/directory/comptroller/collectionstaxes/,"225 North Center Street, Westminster, MD 21157",,Medium,Ongoing,Verified,"Pull the county treasurer / tax collector's delinquent roll. Ongoing roll - owners owe but no auction date yet. Delinquent taxes are subject to interest and penalty. While a specific 'pre-sale roll' URL isn't provided, the Collections Office manages delinquent taxes and the tax sale process, implying they hold this data. Contact the office directly for access to the current delinquent roll.",county-compare-24005-24031-24003-24021-24013-24009-doors-per-deal-community.xlsx
carroll_md,"Carroll, MD","Carroll County, MD",Pull first (A),City Tax Delinquency (Westminster),"City of Westminster, Finance Department",410-848-9000,https://www.westminstermd.gov/155/Finance,"56 W Main St, Westminster, MD 21157",,Medium,Annually/Ongoing,Verify locally,"Cities often levy their own property tax (a separate city delinquent list). Westminster is the largest incorporated city in Carroll County. Contact the City of Westminster Finance Department for their specific delinquent tax roll and tax sale information, as it would be separate from the county's.",county-compare-24005-24031-24003-24021-24013-24009-doors-per-deal-community.xlsx
carroll_md,"Carroll, MD","Carroll County, MD",Pull next (B),Code Violations - City (Westminster),"City of Westminster, Department of Planning and Public Works, Code Enforcement",410-848-9000,https://www.westminstermd.gov/165/Code-Enforcement,"363 Charles Street, Westminster, MD 21157",,Medium,As violations occur,Verified,Code violations are typically a CITY function. Check the parcel's jurisdiction (city vs county vs town) first. The City of Westminster has a Code Enforcement division. Information on public access to violation lists or an online portal for code violations was not immediately apparent and may require direct inquiry or a public records request.,county-compare-24005-24031-24003-24021-24013-24009-doors-per-deal-community.xlsx
carroll_md,"Carroll, MD","Carroll County, MD",Pull next (B),Code Violations - Unincorporated County,"Carroll County Government, Department of Land Use, Planning and Development, Code Enforcement",410-386-2980,https://www.carrollcountymd.gov/government/directory/land-use-planning-development/code-enforcement/,"225 N. Center Street, Westminster, MD 21157",,Medium,As violations occur,Verify locally,Unincorporated county code offices are typically behind - records request only. The Carroll County Code Enforcement office handles violations in unincorporated areas. An online portal for public access to specific violation records was not found; records may require a public records request.,county-compare-24005-24031-24003-24021-24013-24009-doors-per-deal-community.xlsx
carroll_md,"Carroll, MD","Carroll County, MD",Pull next (B),Condemned / Unsafe Structures / Demolition,"Carroll County Government, Department of Land Use, Planning and Development, Code Enforcement",410-386-2980,https://www.carrollcountymd.gov/government/directory/land-use-planning-development/code-enforcement/,"225 N. Center Street, Westminster, MD 21157",,Medium,As needed,Verify locally,Information regarding condemned/unsafe structures or demolition orders would typically fall under Code Enforcement. Public access to a specific list of such properties is not readily available online and would likely require a direct inquiry or public records request to the Code Enforcement office.,county-compare-24005-24031-24003-24021-24013-24009-doors-per-deal-community.xlsx
carroll_md,"Carroll, MD","Carroll County, MD",Pull last (C),Multiple-Eviction Landlords,Carroll County District Court Clerk,410-871-3500,http://www.mdcourts.gov/courts/carroll/district,"101 North Court Street, Westminster, MD 21157",,Medium,Daily,Verify locally,"Pull the county eviction / unlawful-detainer docket. Hunt the PLAINTIFF (landlord), not the tenant; 2+ filings in 12 months = a tired landlord. Eviction records are part of the District Court's civil case filings. Access to these records is typically through the court clerk's office or the statewide Case Search system (http://casesearch.courts.state.md.us/casesearch/).",county-compare-24005-24031-24003-24021-24013-24009-doors-per-deal-community.xlsx
calvert_md,"Calvert, MD","Calvert County, MD",Pull first (A),Probate / Estates / Unknown Heirs,"Register of Wills for Calvert County - Margaret H. Phipps, Register of Wills",410-535-1600 x2256,https://registers.maryland.gov/main/calvert.html,"Courthouse, 175 Main Street, Prince Frederick, Maryland 20678",Click Here (email link on page),Easy,Daily,Verified,Online estate search available statewide. Appointments recommended for in-person services. Cannot accept filings via email. Drop box available for document submission. Estate search portal: https://registers.maryland.gov/rownetweb/estates/frmestatesearch2.aspx,county-compare-24005-24031-24003-24021-24013-24009-doors-per-deal-community.xlsx
calvert_md,"Calvert, MD","Calvert County, MD",Pull first (A),Foreclosure (first public signal),Clerk of the Circuit Court for Calvert County,410-535-1600,http://www.courts.state.md.us/clerks/calvert/docket,"175 Main Street, Prince Frederick, MD 20678",http://www.courts.state.md.us/clerks/calvert/judicialrecordsrequests,Medium,Weekly,Verified,Foreclosures can be judicial or nonjudicial. Judicial foreclosures appear on the Circuit Court docket. Nonjudicial foreclosures (trustee sales) are recorded with Land Records. Check both sources. Weekly docket is available online. Case Search portal: http://www.mdcourts.gov/courts/courtrecords,county-compare-24005-24031-24003-24021-24013-24009-doors-per-deal-community.xlsx
calvert_md,"Calvert, MD","Calvert County, MD",Pull first (A),Recorder / Register of Deeds - Lien & Deed Index,Clerk of the Circuit Court for Calvert County (Land Records),410-535-1600 x2264,http://www.courts.state.md.us/clerks/calvert/landrecords,"175 Main Street, Prince Frederick, MD 20678",http://www.courts.state.md.us/clerks/calvert/judicialrecordsrequests,Easy,Daily,Verified,"Records deeds, mortgages, plats, and various liens (mechanic's, IRS, state tax, HOA, child-support, lis pendens). Online search for land records is available via mdlandrec.net (registration required). Liens against individuals (tax, child support) require name-matching to assessor rolls. Drop box available for document submission.",county-compare-24005-24031-24003-24021-24013-24009-doors-per-deal-community.xlsx
calvert_md,"Calvert, MD","Calvert County, MD",Pull first (A),Tax Sale / Delinquent Tax Auction,Calvert County Treasurer's Office,410-535-1600 ext. 2630,https://www.calvertcountymd.gov/301/Tax-Sale-Information,"150 Main Street, Prince Frederick, MD 20678 (County Administration Building)",custserv@calvertcountymd.gov,Easy,Annually (typically Spring),Verified,Maryland is a tax lien state. Properties two years delinquent in real estate taxes (including water/sewer) are eligible. List of eligible properties available on GIS map and local newspapers at least 30 days prior to sale. Tax sale results and surplus lists are posted online. Owners have a six-month redemption period. Marketing window is before the auction.,county-compare-24005-24031-24003-24021-24013-24009-doors-per-deal-community.xlsx
calvert_md,"Calvert, MD","Calvert County, MD",Pull first (A),County Tax Delinquency (pre-sale roll),Calvert County Treasurer's Office,410-535-1600 ext. 2277,https://www.calvertcountymd.gov/638/Real-Estate-Taxes,"150 Main Street, Prince Frederick, MD 20678",custserv@calvertcountymd.gov,Medium,Ongoing / Annually updated,Verified,"The Treasurer's Office maintains all tax accounts. Delinquent properties are those with unpaid taxes, prior to being eligible for the annual tax sale. While a direct 'delinquent roll' isn't explicitly published online, the tax sale information page indicates properties become eligible after two years of delinquency. Contact the office for current delinquent lists. Online payment portal for current taxes: https://calvertcountymd.munisselfservice.com/css/citizens/RealEstate/Default.aspx (note: tax sale accounts cannot be paid online).",county-compare-24005-24031-24003-24021-24013-24009-doors-per-deal-community.xlsx
calvert_md,"Calvert, MD","Calvert County, MD",Pull first (A),City Tax Delinquency (each incorporated city),Town of North Beach / Town of Chesapeake Beach (Treasurer/Finance Department),,,Varies by town,,Medium,Annually,Verify locally,"Calvert County has two incorporated towns: North Beach and Chesapeake Beach. These towns may levy their own property taxes and maintain separate delinquent lists. The county tax sale includes delinquent water and sewer bills for these towns, but property tax delinquency lists should be sought directly from each town's finance department. Research each town individually.",county-compare-24005-24031-24003-24021-24013-24009-doors-per-deal-community.xlsx
calvert_md,"Calvert, MD","Calvert County, MD",Pull next (B),Code Violations - Unincorporated County,Calvert County Department of Planning & Zoning (Code Enforcement),410-535-2348,https://www.calvertcountymd.gov/146/Code-Enforcement,"150 Main Street, Prince Frederick, MD 20678",https://www.calvertcountymd.gov/155/Public-Information-Act-Requests,Medium,As needed / Ongoing,Verified,Handles code violations in unincorporated areas of Calvert County. Public records requests for specific property violations may be required. The website provides general information and contact details for code enforcement.,county-compare-24005-24031-24003-24021-24013-24009-doors-per-deal-community.xlsx
calvert_md,"Calvert, MD","Calvert County, MD",Pull next (B),Condemned / Unsafe Structures / Demolition,Calvert County Department of Planning & Zoning (Code Enforcement),410-535-2348,https://www.calvertcountymd.gov/146/Code-Enforcement,"150 Main Street, Prince Frederick, MD 20678",https://www.calvertcountymd.gov/155/Public-Information-Act-Requests,Medium,As needed,Verified,Information regarding condemned or unsafe structures would typically fall under Code Enforcement. Direct public access to a list of such properties is unlikely; a public records request would likely be necessary. The Code Enforcement office handles complaints and enforcement actions related to property maintenance and safety.,county-compare-24005-24031-24003-24021-24013-24009-doors-per-deal-community.xlsx
calvert_md,"Calvert, MD","Calvert County, MD",Pull next (B),Code Violations - City,Town of North Beach / Town of Chesapeake Beach (Code Enforcement),,,Varies by town,,Medium,As needed / Ongoing,Verify locally,Code violations are typically handled at the municipal level. Contact the Code Enforcement or Planning Department for the Town of North Beach and the Town of Chesapeake Beach. Check their respective websites for online portals or public records request procedures. Many cities use Accela Citizen Access.,county-compare-24005-24031-24003-24021-24013-24009-doors-per-deal-community.xlsx
calvert_md,"Calvert, MD","Calvert County, MD",Pull last (C),Multiple-Eviction Landlords,Clerk of the Circuit Court for Calvert County (District Court Civil Docket),410-535-1600,http://www.mdcourts.gov/courts/courtrecords,"175 Main Street, Prince Frederick, MD 20678",http://www.courts.state.md.us/clerks/calvert/judicialrecordsrequests,Medium,Daily,Verified,Eviction (failure to pay rent/unlawful detainer) cases are heard in the District Court. The statewide 'Case Search' portal allows searching civil dockets. Search by plaintiff name to identify landlords with multiple filings. Requires diligent searching and filtering. The Circuit Court website provides a link to the statewide Case Search.,county-compare-24005-24031-24003-24021-24013-24009-doors-per-deal-community.xlsx
charles_md,"Charles, MD","Charles County, MD",Pull first (A),Probate / Estates / Unknown Heirs,"Register of Wills, Charles County - Loraine D. Hennessy, Register of Wills",301-932-3345,https://registers.maryland.gov/main/charles.html,"Courthouse, 11 Washington Avenue, PO Box 3080, La Plata, MD 20646-3080",lhennessy@registers.maryland.gov,Easy,Daily,Verified,Estate search available online via the Maryland Register of Wills portal. Filings cannot be accepted via email. Appointments are encouraged for in-person service. Drop box and service window available.,county-compare-24017-11001-doors-per-deal-community.xlsx
charles_md,"Charles, MD","Charles County, MD",Pull first (A),Foreclosure (first public signal for this state's process),Clerk of the Circuit Court for Charles County,301-932-3201,http://www.mdcourts.gov/clerks/charles,"200 Charles Street, La Plata, MD 20646",,Medium,Daily,Verified,Maryland allows both judicial and nonjudicial foreclosures. Judicial foreclosures are filed with the Circuit Court as civil cases (lis pendens). Nonjudicial foreclosures involve a trustee sale and are recorded with the Clerk of the Circuit Court (land records). Both should be monitored. Online access to court records (Case Search) is available statewide.,county-compare-24017-11001-doors-per-deal-community.xlsx
charles_md,"Charles, MD","Charles County, MD",Pull first (A),Recorder / Register of Deeds - Lien & Deed Index,Clerk of the Circuit Court for Charles County (Land Records),301-932-3201,http://www.mdcourts.gov/clerks/charles/records,"200 Charles Street, La Plata, MD 20646",,Easy,Daily,Verified,"The Clerk's office records land deeds, mortgages, plats, and other documents. Deeds can be viewed for free online through mdlandrec.net (requires account with Maryland State Archives). Liens (mechanic's, IRS, state tax, HOA, child support, lis pendens) are indexed here. Tax and child support liens are indexed against the person, requiring name-matching to assessor rolls.",county-compare-24017-11001-doors-per-deal-community.xlsx
charles_md,"Charles, MD","Charles County, MD",Pull first (A),Tax Sale / Delinquent Tax Auction,Charles County Treasury Division,301-645-0685,https://www.charlescountymd.gov/government/fiscal-and-administrative-services/treasury-taxes,"200 Baltimore St., P.O. Box 2607, La Plata, MD 20646",,Medium,Annually (May),Verify locally,"Maryland is a tax lien state. The county conducts an annual tax sale in May. Properties with delinquent real estate taxes may be sold at the tax sale. The Treasury Division is responsible for conducting the tax sale. Information on past tax sales can sometimes be found on third-party sites like realtaxlien.com, but the official list is from the county.",county-compare-24017-11001-doors-per-deal-community.xlsx
charles_md,"Charles, MD","Charles County, MD",Pull first (A),County Tax Delinquency (pre-sale roll),Charles County Treasury Division,301-645-0685,https://www.charlescountymd.gov/government/fiscal-and-administrative-services/treasury-taxes,"200 Baltimore St., P.O. Box 2607, La Plata, MD 20646",,Medium,"Annually (prior to May tax sale), ongoing",Verify locally,The Treasury Division administers and collects county property taxes. A list of delinquent properties is compiled prior to the annual tax sale. Contact the Treasury Division directly for information on the current delinquent roll. An 'Application for Certificate of Tax Liens' is available on their website.,county-compare-24017-11001-doors-per-deal-community.xlsx
charles_md,"Charles, MD","Charles County, MD",Pull first (A),City Tax Delinquency (each incorporated city),Town of La Plata (Treasurer/Finance Department),301-934-8421,https://www.townoflaplata.org/finance,"305 Queen Anne Street, La Plata, MD 20646",,Medium,"Annually, ongoing",Verify locally,The Town of La Plata is the only incorporated municipality in Charles County. They levy their own property taxes. Contact their Finance Department for information on delinquent tax rolls and any potential tax sales. Other smaller towns/villages may not levy their own property taxes.,county-compare-24017-11001-doors-per-deal-community.xlsx
charles_md,"Charles, MD","Charles County, MD",Pull next (B),Code Violations - City,Town of La Plata (Code Enforcement),301-934-8421,https://www.townoflaplata.org/code-enforcement,"305 Queen Anne Street, La Plata, MD 20646",,Medium,"As needed, ongoing",Verify locally,Code violations within the incorporated Town of La Plata are handled by their Code Enforcement office. Check their website for online portals or contact them directly for records requests. Many cities use Accela Citizen Access portals.,county-compare-24017-11001-doors-per-deal-community.xlsx
charles_md,"Charles, MD","Charles County, MD",Pull next (B),Code Violations - Unincorporated County,Charles County Department of Planning and Growth Management (Code Enforcement),301-645-0500,https://www.charlescountymd.gov/government/planning-and-growth-management/code-enforcement,"200 Baltimore Street, La Plata, MD 20646",,Medium,"As needed, ongoing",Verify locally,"Code violations in unincorporated areas of Charles County are handled by the County's Code Enforcement division. They utilize a 'SeeClickFix' portal for reporting issues, which may provide some public data. For detailed records, a public records request may be necessary.",county-compare-24017-11001-doors-per-deal-community.xlsx
charles_md,"Charles, MD","Charles County, MD",Pull next (B),Condemned / Unsafe Structures / Demolition,Charles County Department of Planning and Growth Management (Code Enforcement),301-645-0500,https://www.charlescountymd.gov/government/planning-and-growth-management/code-enforcement,"200 Baltimore Street, La Plata, MD 20646",,Medium,As needed,Verify locally,Information regarding condemned or unsafe structures and demolition orders would typically fall under the purview of Code Enforcement. These records may require a public records request. Check the Code Enforcement website for any publicly available lists or reports.,county-compare-24017-11001-doors-per-deal-community.xlsx
charles_md,"Charles, MD","Charles County, MD",Pull last (C),Multiple-Eviction Landlords,District Court of Maryland for Charles County (Civil Division),301-934-5110,http://www.mdcourts.gov/district/directories/charles,"11 Washington Avenue, P.O. Box 3070, LaPlata, Maryland 20646-3070",,Medium,Daily,Verified,Eviction (summary ejectment/unlawful detainer) cases are filed in the District Court. Records can be accessed via the statewide 'Case Search' portal. Search for civil cases by plaintiff name to identify landlords with multiple filings. Focus on the plaintiff (landlord) rather than the tenant.,county-compare-24017-11001-doors-per-deal-community.xlsx
district_of_columbia,District of Columbia,"District of Columbia County, DC",Pull first (A),Foreclosure (first public signal),Office of the Recorder of Deeds,(202) 727-4TAX (4829),https://washington.dc.publicsearch.us/,"1101 4th Street, SW, Suite 270 West, Washington, DC 20024",otr@dc.gov,Medium,Daily,Verified,DC is a nonjudicial foreclosure state. The first public signal is typically a Notice of Default or Trustee Sale filed with the Recorder of Deeds. Online public records search is available for registered users. Index and document images are available from August 1921 to present.,county-compare-24017-11001-doors-per-deal-community.xlsx
district_of_columbia,District of Columbia,"District of Columbia County, DC",Pull first (A),Recorder / Register of Deeds - Lien & Deed Index,Office of the Recorder of Deeds,(202) 727-4TAX (4829),https://washington.dc.publicsearch.us/,"1101 4th Street, SW, Suite 270 West, Washington, DC 20024",otr@dc.gov,Medium,Daily,Verified,"This office records all property-related documents, including deeds, mortgages, mechanic's liens, IRS and state tax liens, HOA liens, child-support liens, and lis pendens. Online public records search is available for registered users. Tax and child-support liens are indexed against the person, requiring a name-match to the assessor roll.",county-compare-24017-11001-doors-per-deal-community.xlsx
district_of_columbia,District of Columbia,"District of Columbia County, DC",Pull first (A),Tax Sale / Delinquent Tax Auction,Office of Tax and Revenue (OTR),(202) 727-4TAX (4829),https://otr.cfo.dc.gov/page/real-property-tax-lien-sale-and-resources,"1101 4th Street, SW, Suite 270 West, Washington, DC 20024",otr@dc.gov,Easy,Annually (July),Verified,"DC is a tax lien state. The OTR conducts an annual tax lien sale, typically in July. A list of properties eligible for the tax sale is published weeks in advance. This list is the 'upstream edge' for marketing to owners before the auction. The list is usually available on the OTR website.",county-compare-24017-11001-doors-per-deal-community.xlsx
district_of_columbia,District of Columbia,"District of Columbia County, DC",Pull first (A),County Tax Delinquency (pre-sale roll),Office of Tax and Revenue (OTR),(202) 727-4TAX (4829),https://otr.cfo.dc.gov/page/real-property-tax-lien-sale-and-resources,"1101 4th Street, SW, Suite 270 West, Washington, DC 20024",otr@dc.gov,Easy,"Annually (pre-sale list), ongoing roll",Verified,"The OTR maintains a list of delinquent properties prior to the annual tax lien sale. This list is published on their website. The District of Columbia is a single jurisdiction, so there is no separate 'city' vs 'county' tax delinquency list.",county-compare-24017-11001-doors-per-deal-community.xlsx
district_of_columbia,District of Columbia,"District of Columbia County, DC",Pull first (A),City Tax Delinquency,N/A (District of Columbia is a single jurisdiction),,,,,,,Verified,"The District of Columbia operates as a unified city-county government. There are no separate incorporated cities within the District, therefore no separate city tax delinquency lists.",county-compare-24017-11001-doors-per-deal-community.xlsx
district_of_columbia,District of Columbia,"District of Columbia County, DC",Pull first (A),Probate / Estates / Unknown Heirs,"Superior Court of the District of Columbia, Probate Division",(202) 879-1499,https://www.dccourts.gov/superior-court/superior-court-case-search,"515 5th Street, NW, Washington, DC 20001",,Medium,Daily,Verify locally,Online case search available. New case filings can be tracked here. Notice to Creditors and other probate documents are part of the case file. Property address often requires a separate assessor lookup.,county-compare-24017-11001-doors-per-deal-community.xlsx
district_of_columbia,District of Columbia,"District of Columbia County, DC",Pull next (B),Code Violations - Unincorporated County,N/A (District of Columbia is a single jurisdiction),,,,,,,Verified,"The District of Columbia operates as a unified city-county government. There are no unincorporated areas within the District, therefore no separate unincorporated county code violation office.",county-compare-24017-11001-doors-per-deal-community.xlsx
district_of_columbia,District of Columbia,"District of Columbia County, DC",Pull next (B),Code Violations - City,Department of Buildings (DOB),(202) 671-3500,https://dob.dc.gov/page/dob-online-permits-and-inspections,"1100 4th Street SW, Washington, DC 20024",dob@dc.gov,Medium,Daily,Verify locally,"The Department of Buildings handles code violations for the entire District. They utilize an online portal for permits and inspections, which may include code violation information. Look for a public search or reporting tool. Accela Citizen Access is a common platform for this type of data.",county-compare-24017-11001-doors-per-deal-community.xlsx
district_of_columbia,District of Columbia,"District of Columbia County, DC",Pull next (B),Condemned / Unsafe Structures / Demolition,Department of Buildings (DOB),(202) 671-3500,https://dob.dc.gov/page/dob-online-permits-and-inspections,"1100 4th Street SW, Washington, DC 20024",dob@dc.gov,Medium,Varies,Verify locally,"Information regarding condemned, unsafe structures, or demolition orders would likely be managed by the Department of Buildings. This data may be accessible through their online permit and inspection portal or via a public records request.",county-compare-24017-11001-doors-per-deal-community.xlsx
district_of_columbia,District of Columbia,"District of Columbia County, DC",Pull last (C),Multiple-Eviction Landlords,"Superior Court of the District of Columbia, Landlord and Tenant Branch",(202) 879-1010,https://www.dccourts.gov/superior-court/superior-court-case-search,"510 3rd Street NW, Washington, DC 20001",,Medium,Daily,Verify locally,Eviction (unlawful detainer) filings are handled by the Landlord and Tenant Branch of the Superior Court. The online case search can be used to identify landlords (plaintiffs) with multiple filings. Searching by plaintiff name and filtering for eviction case types would be the method.,county-compare-24017-11001-doors-per-deal-community.xlsx
prince_william_va,"Prince William, VA","Prince William County, VA",Pull first (A),County Tax Delinquency (pre-sale roll),Tax Administration - Collections,(703) 792-6700,https://www.pwcva.gov/department/tax-administration/tax-enforcement-delinquent-tax-collections,"4379 Ridgewood Center Dr, Prince William, VA 22192",taxpayer_services@pwcgov.org,Medium,Ongoing / Annually updated,Verified,"The Tax Administration's Collections staff is responsible for collecting past due taxes. While a direct 'delinquent roll' for public download isn't explicitly stated, the office manages these accounts. Contacting the office directly or monitoring the tax sale auction list (which is derived from this roll) is the best approach. Payment plans are offered to delinquent taxpayers.",county-compare-51153-51059-51013-51179-51177-51630-doors-per-deal-community.xlsx
prince_william_va,"Prince William, VA","Prince William County, VA",Pull first (A),City Tax Delinquency (each incorporated city),City of Manassas Treasurer / City of Manassas Park Treasurer,Manassas: (703) 257-8250 / Manassas Park: (703) 335-8825,https://www.manassasva.gov/treasurer/index.html,"Manassas: 9025 Center St, Manassas, VA 20110 / Manassas Park: 103 Manassas Park Dr, Manassas Park, VA 20111",Manassas: treasurer@manassasva.gov / Manassas Park: treasurer@manassasparkva.gov,Medium,Ongoing / Annually updated,Verified,"Prince William County has two incorporated cities: Manassas and Manassas Park, which levy their own property taxes. Separate research is required for their delinquent tax rolls. Check their respective Treasurer's offices for information on delinquent properties and potential tax sales.",county-compare-51153-51059-51013-51179-51177-51630-doors-per-deal-community.xlsx
prince_william_va,"Prince William, VA","Prince William County, VA",Pull first (A),Probate / Estates / Unknown Heirs,Circuit Court Clerk's Probate Office,(703) 792-6015,https://www.pwcva.gov/department/circuit-court/probatequalifywills,"9311 Lee Avenue, 3rd Floor, Manassas, VA 20110",probate@pwcgov.org,Easy,Daily,Verify locally,"Virginia has no separate probate court; the Clerk of Circuit Court handles probate. To schedule an appointment, a pre-appointment worksheet must be completed. Records are indexed by decedent name, not property address. A separate assessor lookup is needed to link to property.",county-compare-51153-51059-51013-51179-51177-51630-doors-per-deal-community.xlsx
prince_william_va,"Prince William, VA","Prince William County, VA",Pull first (A),Foreclosure (first public signal for this state's process),Circuit Court Clerk's Office - Land Records,(703) 792-6840,https://www.pwcva.gov/department/circuit-court/land-records-online,"9311 Lee Avenue, Room 300, Manassas, VA 20110",circuitcourt@pwcgov.org,Medium,Daily,Verify locally,Virginia is a non-judicial foreclosure state. The first public signal is a recorded Notice of Default or Trustee Sale. These are filed with the Circuit Court Clerk's Land Records division. Online access to Land Records Management System (LRMS) is available via subscription. Deeds prior to 1918 are not available online.,county-compare-51153-51059-51013-51179-51177-51630-doors-per-deal-community.xlsx
prince_william_va,"Prince William, VA","Prince William County, VA",Pull first (A),Recorder / Register of Deeds - Lien & Deed Index,Circuit Court Clerk's Office - Land Records,(703) 792-6840,https://www.pwcva.gov/department/circuit-court/land-records-online,"9311 Lee Avenue, Room 300, Manassas, VA 20110",circuitcourt@pwcgov.org,Medium,Daily,Verify locally,"The Clerk's Office maintains deeds and related land records (indexes and images from 1918 to present). Mechanic's, IRS & state tax, HOA, child-support liens, and lis pendens are indexed here. Online access is available via subscription to the Land Records Management System (LRMS). Tax and child-support liens are indexed against the person, requiring a name-match to the assessor roll.",county-compare-51153-51059-51013-51179-51177-51630-doors-per-deal-community.xlsx
prince_william_va,"Prince William, VA","Prince William County, VA",Pull first (A),Tax Sale / Delinquent Tax Auction,County Attorney's Office / TACS (Taxing Authority Consulting Services),(703) 792-6620 (County Attorney),https://www.pwcva.gov/department/office-county-attorney/foreclosure-auction-list,"1 County Complex Ct, Prince William, VA 22192 (County Attorney)",,Easy,As scheduled (typically annually),Verify locally,Virginia is a tax deed state. The County Attorney's Office provides a list of tax foreclosure auction properties. Auctions are facilitated by third-party contractors like TACS. Lists are published as legal notices weeks before the sale. It is crucial to market the owner before the auction. Sign-up for email notifications of upcoming sales is available through TACS.,county-compare-51153-51059-51013-51179-51177-51630-doors-per-deal-community.xlsx
prince_william_va,"Prince William, VA","Prince William County, VA",Pull next (B),Code Violations - City,City of Manassas - Code Enforcement / City of Manassas Park - Code Enforcement,Manassas: (703) 257-8230 / Manassas Park: (703) 335-8845,https://www.manassasva.gov/code_enforcement/index.html,"Manassas: 9025 Center St, Manassas, VA 20110 / Manassas Park: 103 Manassas Park Dr, Manassas Park, VA 20111",Manassas: codeenforcement@manassasva.gov / Manassas Park: CONFIRM,Medium,Daily / As reported,Verified,"Code violations are typically a city function. Both Manassas and Manassas Park have dedicated Code Enforcement divisions. Check their websites for online portals or contact information for records requests. Accela 'Citizen Access' portals are common for cities, allowing for online searches and potentially data exports.",county-compare-51153-51059-51013-51179-51177-51630-doors-per-deal-community.xlsx
prince_william_va,"Prince William, VA","Prince William County, VA",Pull next (B),Code Violations - Unincorporated County,Prince William County - Code Enforcement,(703) 792-7018,https://www.pwcva.gov/department/code-enforcement,"5 County Complex Ct, Prince William, VA 22192",codeenforcement@pwcgov.org,Medium,Daily / As reported,Verify locally,The County's Code Enforcement division handles violations in unincorporated areas. They have an online portal for reporting violations and checking status. Records requests for specific properties may be necessary for detailed information. Online indexes for code violations are often less robust than city-level systems.,county-compare-51153-51059-51013-51179-51177-51630-doors-per-deal-community.xlsx
prince_william_va,"Prince William, VA","Prince William County, VA",Pull next (B),Condemned / Unsafe Structures / Demolition,Prince William County - Building Development Division (Code Enforcement),(703) 792-7018,https://www.pwcva.gov/department/code-enforcement,"5 County Complex Ct, Prince William, VA 22192",codeenforcement@pwcgov.org,Medium,As needed,Verify locally,"Information regarding condemned or unsafe structures and demolition orders would typically fall under the purview of Code Enforcement or the Building Development Division. While a specific 'condemned list' isn't explicitly advertised, these records would be part of their enforcement actions. A public records request may be required to obtain a list of such properties.",county-compare-51153-51059-51013-51179-51177-51630-doors-per-deal-community.xlsx
prince_william_va,"Prince William, VA","Prince William County, VA",Pull last (C),Multiple-Eviction Landlords,Prince William County General District Court Clerk,(703) 792-6000,http://www.courts.state.va.us/courts/gd/princewilliam/home.html,"9311 Lee Avenue, Manassas, VA 20110",,Hard,Daily,Verify locally,Eviction (Unlawful Detainer) dockets are maintained by the General District Court. Online access to court records may be available through the Virginia Judicial System's online portal (case information system). Searching for multiple filings by the same plaintiff (landlord) would be the method to identify 'multiple-eviction landlords'. This often requires manual review or specialized data access.,county-compare-51153-51059-51013-51179-51177-51630-doors-per-deal-community.xlsx
fairfax_va,"Fairfax, VA","Fairfax County, VA",Pull first (A),Probate / Estates / Unknown Heirs,Fairfax Circuit Court Probate Division,"703-691-7320 (press 3, 8 for appointments)",https://www.fairfaxcounty.gov/circuit/probate/administration-of-estates,"4110 Chain Bridge Road, Suite 401, Fairfax, VA 22030",,Medium,Daily,Verified,"Probate records are public. Appointments are recommended for in-person research. Notice to Creditors opens the claim window and names the decedent + personal representative; probate rarely carries the property address (a separate assessor lookup fills it). Contact the personal representative / executor, never the deceased.",county-compare-51153-51059-51013-51179-51177-51630-doors-per-deal-community.xlsx
fairfax_va,"Fairfax, VA","Fairfax County, VA",Pull first (A),Foreclosure (first public signal for this state's process),Fairfax Circuit Court Land Records Division,"703-691-7320 (press 3, then 3)",https://www.fairfaxcounty.gov/circuit/land-records/general-information,"4110 Chain Bridge Road, Fairfax, VA 22030",,Medium,Daily,Verified,"Virginia is a nonjudicial foreclosure state. The first signal is a recorder-filed notice of default or a published trustee-sale notice, which hits the recorder index BEFORE the newspaper ad. Pull the recorder's trustee-sale filings. Online access to scanned indexes and images is available.",county-compare-51153-51059-51013-51179-51177-51630-doors-per-deal-community.xlsx
fairfax_va,"Fairfax, VA","Fairfax County, VA",Pull first (A),Recorder / Register of Deeds - Lien & Deed Index,Fairfax Circuit Court Land Records Division,"703-691-7320 (press 3, then 3)",https://www.fairfaxcounty.gov/circuit/land-records/research,"4110 Chain Bridge Road, Fairfax, VA 22030",,Medium,Daily,Verified,"Records documents for property transactions including mechanic's, IRS & state tax, HOA, child-support liens, and lis pendens. Online access to scanned indexes and images is available. Tax and child-support liens are indexed against the PERSON, not the parcel - name-match to the assessor roll. Research Room is open to the public from 8:00 a.m. until 4:30 p.m., Monday through Friday.",county-compare-51153-51059-51013-51179-51177-51630-doors-per-deal-community.xlsx
fairfax_va,"Fairfax, VA","Fairfax County, VA",Pull first (A),Tax Sale / Delinquent Tax Auction,Department of Tax Administration,703-222-8234,https://www.fairfaxcounty.gov/taxes/pay/auction-real-property,"12000 Government Center Parkway, Suite 223, Fairfax, VA 22035",,Easy,As announced (typically annually),Verified,"Virginia is a tax deed state. Auctions of real estate properties are initiated when all other collection attempts have failed. Sales only occur at public auction, typically online. The list publishes as a legal notice weeks before the sale; market the owner before the auction. Any tax sale would be handled by the county's contracted legal firm.",county-compare-51153-51059-51013-51179-51177-51630-doors-per-deal-community.xlsx
fairfax_va,"Fairfax, VA","Fairfax County, VA",Pull first (A),County Tax Delinquency (pre-sale roll),Department of Tax Administration,703-222-8234,https://www.fairfaxcounty.gov/taxes/pay/auction-real-property,"12000 Government Center Parkway, Suite 223, Fairfax, VA 22035",,Medium,Ongoing,Verified,"The county publishes information regarding properties subject to tax sale, which serves as a delinquent roll. Owners owe but no auction date yet. Contact the Department of Tax Administration for current delinquent lists.",county-compare-51153-51059-51013-51179-51177-51630-doors-per-deal-community.xlsx
fairfax_va,"Fairfax, VA","Fairfax County, VA",Pull first (A),City Tax Delinquency (City of Fairfax),City of Fairfax Commissioner of the Revenue,703-385-7880,https://www.fairfaxva.gov/Property-Business/Taxes/Delinquent-Taxpayer-Lists,"10455 Armstrong St, Room 207, Fairfax, VA 22030",,Easy,Quarterly,Verify locally,"The City of Fairfax provides quarterly updates on delinquent taxes, including real estate. This is a separate list from the county's.",county-compare-51153-51059-51013-51179-51177-51630-doors-per-deal-community.xlsx
fairfax_va,"Fairfax, VA","Fairfax County, VA",Pull next (B),Code Violations - Unincorporated County,Fairfax County Department of Code Compliance,703-324-1300,https://www.fairfaxcounty.gov/code/,"12055 Government Center Parkway, Suite 1016, Fairfax, VA 22035",codecompliance@fairfaxcounty.gov,Medium,Daily,Verified,"Investigates neighborhood quality of life complaints, involving most zoning, noise, property maintenance, building, and fire code violations in unincorporated areas. Records can be requested via email or phone. Online portal for notices of violation (NOVs) exists.",county-compare-51153-51059-51013-51179-51177-51630-doors-per-deal-community.xlsx
fairfax_va,"Fairfax, VA","Fairfax County, VA",Pull next (B),Condemned / Unsafe Structures / Demolition,Fairfax County Department of Code Compliance,703-324-1300,https://www.fairfaxcounty.gov/code/may-2026-code-compliance-corner,"12055 Government Center Parkway, Suite 1016, Fairfax, VA 22035",codecompliance@fairfaxcounty.gov,Medium,As needed,Verified,The Department of Code Compliance has a Spot Blight Abatement Program to compel demolition or repair if the property owner doesn't address violations voluntarily. Residential demolition permits are also handled by Land Development Services (703-222-0801).,county-compare-51153-51059-51013-51179-51177-51630-doors-per-deal-community.xlsx
fairfax_va,"Fairfax, VA","Fairfax County, VA",Pull next (B),Code Violations - City (City of Fairfax),City of Fairfax Code Administration,703-385-7830,https://www.fairfaxva.gov/Government/Departments/Fire-Department/Code-Administration,"10455 Armstrong St, Fairfax, VA 22030",,Medium,Daily,Verify locally,"The City of Fairfax handles code administration for properties within its jurisdiction. Contact them directly for records. Office hours: Monday-Friday, 8:30 a.m. to 5:00 p.m.",county-compare-51153-51059-51013-51179-51177-51630-doors-per-deal-community.xlsx
fairfax_va,"Fairfax, VA","Fairfax County, VA",Pull last (C),Multiple-Eviction Landlords,Fairfax County General District Court,703-246-4100,https://eapps.courts.state.va.us/gdcourts/welcomePage.do,"4110 Chain Bridge Road, Fairfax, VA 22030",,Medium,Daily,Verified,"Eviction (Unlawful Detainer) cases are filed in the General District Court. The Virginia Courts Online Case Information System allows searching by plaintiff or defendant name. Hunt the PLAINTIFF (landlord), not the tenant; 2+ filings in 12 months = a tired landlord. The first court action is when a landlord files an unlawful detainer (UD).",county-compare-51153-51059-51013-51179-51177-51630-doors-per-deal-community.xlsx
arlington_va,"Arlington, VA","Arlington County, VA",Pull first (A),Foreclosure (first public signal for this state's process),"Arlington County Circuit Court, Land Records Division",703-228-4369,https://arlington.va.publicsearch.us/,"1425 N. Courthouse Rd., Suite 6200, Arlington, VA 22201",,Medium,Daily,Verified,"Virginia is a nonjudicial / power-of-sale state. The first signal is a recorder-filed notice of default or a published trustee-sale notice, which hits the recorder index BEFORE the newspaper ad. Pull the recorder's trustee-sale filings. Online search available, free for basic indexing, $.50 per page for images, or subscription for unlimited access ($50/month or $600/year).",county-compare-51153-51059-51013-51179-51177-51630-doors-per-deal-community.xlsx
arlington_va,"Arlington, VA","Arlington County, VA",Pull first (A),Recorder / Register of Deeds - Lien & Deed Index,"Arlington County Circuit Court, Land Records Division",703-228-4369,https://arlington.va.publicsearch.us/,"1425 N. Courthouse Rd., Suite 6200, Arlington, VA 22201",,Medium,Daily,Verified,"Mechanic's, IRS & state tax, HOA, child-support liens + lis pendens all live in the recorder index. Tax and child-support liens are indexed against the PERSON, not the parcel - name-match to the assessor roll. Online search available, free for basic indexing, $.50 per page for images, or subscription for unlimited access ($50/month or $600/year). Documents dating back to 1869 are accessible.",county-compare-51153-51059-51013-51179-51177-51630-doors-per-deal-community.xlsx
arlington_va,"Arlington, VA","Arlington County, VA",Pull first (A),Probate / Estates / Unknown Heirs,"Arlington County Circuit Court, Probate Office",703-228-4376,https://www.arlingtonva.us/Government/Departments/Courts/Circuit-Court/Probate,"1425 North Courthouse Road, Suite 6300, Arlington, Virginia 22201",probate@arlingtonva.us,Easy,Daily,Verify locally,"Probate records wills, qualifies personal representatives, and maintains estate files. Appointments are required for probate qualification. The Commissioner of Accounts oversees fiduciaries. Notice to Creditors opens the claim window and names the decedent + personal representative; probate rarely carries the property address (a separate assessor lookup fills it). Contact the personal representative / executor, never the deceased.",county-compare-51153-51059-51013-51179-51177-51630-doors-per-deal-community.xlsx
arlington_va,"Arlington, VA","Arlington County, VA",Pull first (A),Tax Sale / Delinquent Tax Auction,Arlington County Treasurer's Office,703-228-4000,https://www.arlingtonva.us/Government/Programs/Taxes/Tax-Sales,"2100 Clarendon Boulevard, Suite 201, Arlington, VA 22201",treasurer@arlingtonva.us,Easy,Periodically (check website for updates),Verify locally,"Virginia is a tax deed state (usually no redemption after the sale: market BEFORE the auction). The Treasurer of Arlington County periodically sells property at public auction to satisfy delinquent taxes. The list publishes as a legal notice weeks before the sale; market the owner before the auction. The direct link to 'Tax Sales' on the county website resulted in a 'Page Not Found' error, but external sites and the county's 'Delinquent Tax Account Lists' confirm tax sales occur. It is recommended to contact the Treasurer's Office directly for upcoming sale information.",county-compare-51153-51059-51013-51179-51177-51630-doors-per-deal-community.xlsx
arlington_va,"Arlington, VA","Arlington County, VA",Pull first (A),County Tax Delinquency (pre-sale roll),Arlington County Treasurer's Office,703-228-4000 (Option 4),https://www.arlingtonva.us/Government/Programs/Taxes/Delinquent-Tax-Account-Lists,"2100 Clarendon Boulevard, Suite 201, Arlington, VA 22201",treasurer@arlingtonva.us,Easy,Monthly/Quarterly (PDFs updated periodically),Verify locally,Pull the county treasurer / tax collector's delinquent roll. Ongoing roll - owners owe but no auction date yet. Real Estate Tax Delinquent list available as a PDF. Contact a Compliance and Research Specialist for more information.,county-compare-51153-51059-51013-51179-51177-51630-doors-per-deal-community.xlsx
arlington_va,"Arlington, VA","Arlington County, VA",Pull first (A),City Tax Delinquency (each incorporated city),Arlington County Treasurer's Office,703-228-4000,https://www.arlingtonva.us/Government/Programs/Taxes/Delinquent-Tax-Account-Lists,"2100 Clarendon Boulevard, Suite 201, Arlington, VA 22201",treasurer@arlingtonva.us,Easy,"N/A (Arlington County is an unincorporated county, no incorporated cities within its borders)",Verify locally,Arlington County is an unincorporated county and does not contain separate incorporated cities with their own property tax lists. The county's delinquent tax list covers all properties within its jurisdiction.,county-compare-51153-51059-51013-51179-51177-51630-doors-per-deal-community.xlsx
arlington_va,"Arlington, VA","Arlington County, VA",Pull next (B),Code Violations - Unincorporated County,"Department of Community Planning, Housing and Development (CPHD), Code Enforcement Division",703-228-3232,https://www.arlingtonva.us/Government/Departments/CPHD/Code-Enforcement,"2100 Clarendon Blvd, Suite 700, Arlington, VA 22201",,Medium,Ongoing,Verify locally,Code violations are typically handled by the Code Enforcement Division. The county website provides information on reporting violations and general code information. An online portal for searching specific violations by address was not immediately apparent and may require a public records request.,county-compare-51153-51059-51013-51179-51177-51630-doors-per-deal-community.xlsx
arlington_va,"Arlington, VA","Arlington County, VA",Pull next (B),Condemned / Unsafe Structures / Demolition,"Department of Community Planning, Housing and Development (CPHD), Code Enforcement Division",703-228-3232,https://www.arlingtonva.us/Government/Departments/CPHD/Code-Enforcement,"2100 Clarendon Blvd, Suite 700, Arlington, VA 22201",,Medium,Ongoing,Verify locally,Information regarding condemned/unsafe structures and demolitions would typically fall under the purview of Code Enforcement or Building Permits. A direct public list was not found; likely requires a public records request or direct inquiry to the department.,county-compare-51153-51059-51013-51179-51177-51630-doors-per-deal-community.xlsx
arlington_va,"Arlington, VA","Arlington County, VA",Pull last (C),Multiple-Eviction Landlords,Arlington County General District Court,703-228-7900,https://www.vacourts.gov/courts/gd/arlington/home.html,"1425 N Courthouse Rd, Suite 2400, Arlington, VA 22201",,Medium,Daily,Verify locally,"Pull the county eviction / unlawful-detainer docket. Hunt the PLAINTIFF (landlord), not the tenant; 2+ filings in 12 months = a tired landlord. Access to court dockets may require in-person visits or a subscription to a legal research service. The Virginia Judicial System website provides general court information but not direct access to detailed dockets for specific cases.",county-compare-51153-51059-51013-51179-51177-51630-doors-per-deal-community.xlsx
stafford_va,"Stafford, VA","Stafford County, VA",Pull first (A),Probate / Estates / Unknown Heirs,Clerk of the Circuit Court - Probate and Estate Administration,(540) 658-8750,https://staffordcountyva.gov/government/courts/circuit_court/probate_and_estate_administration.php,"1300 Courthouse Rd, Stafford, VA 22554",clerksoffice@staffordcountyva.gov,Easy,Daily,Verified,"Probate appointments must be scheduled. Notice to Creditors opens the claim window and names the decedent + personal representative. Probate rarely carries the property address (a separate assessor lookup fills it). Contact the personal representative / executor, never the deceased.",county-compare-51153-51059-51013-51179-51177-51630-doors-per-deal-community.xlsx
stafford_va,"Stafford, VA","Stafford County, VA",Pull first (A),Foreclosure (first public signal),Clerk of the Circuit Court - Land Records,(540) 658-8752,https://staffordcountyva.gov/government/courts/circuit_court/land_records.php,"1300 Courthouse Rd, Stafford, VA 22554",clerksoffice@staffordcountyva.gov,Medium,Daily,Verified,"Virginia is a nonjudicial / power-of-sale state. The first signal is a recorder-filed notice of default or a published trustee-sale notice, which hits the recorder index BEFORE the newspaper ad. Pull the recorder's trustee-sale filings. Online index availability for specific trustee sale notices needs further investigation.",county-compare-51153-51059-51013-51179-51177-51630-doors-per-deal-community.xlsx
stafford_va,"Stafford, VA","Stafford County, VA",Pull first (A),Recorder / Register of Deeds - Lien & Deed Index,Clerk of the Circuit Court - Land Records,(540) 658-8752,https://staffordcountyva.gov/government/courts/circuit_court/land_records.php,"1300 Courthouse Rd, Stafford, VA 22554",clerksoffice@staffordcountyva.gov,Medium,Daily,Verified,"Mechanic's, IRS & state tax, HOA, child-support liens + lis pendens all live in the recorder index. GOTCHA: tax and child-support liens are indexed against the PERSON, not the parcel - name-match to the assessor roll. Online access to the full index may require a subscription or in-person visit.",county-compare-51153-51059-51013-51179-51177-51630-doors-per-deal-community.xlsx
stafford_va,"Stafford, VA","Stafford County, VA",Pull first (A),Tax Sale / Delinquent Tax Auction,Treasurer's Office,(540) 658-8700,https://staffordcountyva.gov/government/elected_and_appointed_officials/treasurer/taxes_search_view___pay/delinquent_tax_lists.php,"1300 Courthouse Rd, Stafford, VA 22554",treasurer@staffordcountyva.gov,Easy,Annually/As needed,Verified,VA is a tax deed state (usually no redemption after the sale: market BEFORE the auction). The list publishes as a legal notice weeks before the sale; market the owner before the auction. The county website provides delinquent tax lists which may indicate properties eligible for land sale.,county-compare-51153-51059-51013-51179-51177-51630-doors-per-deal-community.xlsx
stafford_va,"Stafford, VA","Stafford County, VA",Pull first (A),County Tax Delinquency (pre-sale roll),Treasurer's Office,(540) 658-8700,https://staffordcountyva.gov/government/elected_and_appointed_officials/treasurer/taxes_search_view___pay/delinquent_tax_lists.php,"1300 Courthouse Rd, Stafford, VA 22554",treasurer@staffordcountyva.gov,Easy,Ongoing,Verified,Ongoing roll - owners owe but no auction date yet. The county provides lists of delinquent real estate taxes. This is the pre-auction list to market owners.,county-compare-51153-51059-51013-51179-51177-51630-doors-per-deal-community.xlsx
stafford_va,"Stafford, VA","Stafford County, VA",Pull first (A),City Tax Delinquency (each incorporated city),N/A - Stafford County has no incorporated cities.,,,,,,,Verified,Stafford County is an unincorporated county and does not have incorporated cities with their own separate tax delinquency lists.,county-compare-51153-51059-51013-51179-51177-51630-doors-per-deal-community.xlsx
stafford_va,"Stafford, VA","Stafford County, VA",Pull next (B),Code Violations - City,N/A - Stafford County has no incorporated cities.,,,,,,,Verified,Stafford County is an unincorporated county and does not have incorporated cities with their own separate code enforcement departments.,county-compare-51153-51059-51013-51179-51177-51630-doors-per-deal-community.xlsx
stafford_va,"Stafford, VA","Stafford County, VA",Pull next (B),Code Violations - Unincorporated County,Department of Planning and Zoning - Code Administration,(540) 658-8668,https://staffordcountyva.gov/government/departments_p-z/planning_and_zoning/code_administration/index.php,"1300 Courthouse Rd, Stafford, VA 22554",FOIA@staffordcountyva.gov,Medium,As reported/investigated,Verify locally,County code offices are typically behind - records request only. Check the parcel's jurisdiction (city vs county vs town) first. Online portal for searching specific code violations may be limited; a FOIA request might be necessary for comprehensive data.,county-compare-51153-51059-51013-51179-51177-51630-doors-per-deal-community.xlsx
stafford_va,"Stafford, VA","Stafford County, VA",Pull next (B),Condemned / Unsafe Structures / Demolition,Department of Planning and Zoning - Code Administration,(540) 658-8668,https://staffordcountyva.gov/government/departments_p-z/planning_and_zoning/code_administration/index.php,"1300 Courthouse Rd, Stafford, VA 22554",FOIA@staffordcountyva.gov,Medium,As needed,Verify locally,Information on condemned or unsafe structures typically falls under code enforcement. Public access to a specific list of such properties may require a direct inquiry or FOIA request.,county-compare-51153-51059-51013-51179-51177-51630-doors-per-deal-community.xlsx
stafford_va,"Stafford, VA","Stafford County, VA",Pull last (C),Multiple-Eviction Landlords,General District Court,(540) 658-8935,https://eapps.courts.state.va.us/gdcourts,"1300 Courthouse Rd, Stafford, VA 22554",FOIA@staffordcountyva.gov,Medium,Daily,Verify locally,"Pull the county eviction / unlawful-detainer docket. Hunt the PLAINTIFF (landlord), not the tenant; 2+ filings in 12 months = a tired landlord. The Virginia General District Court Online Case Information System allows searching by name, case number, or hearing date. This requires manual searching to identify repeat landlords.",county-compare-51153-51059-51013-51179-51177-51630-doors-per-deal-community.xlsx
spotsylvania_va,"Spotsylvania, VA","Spotsylvania County, VA",Pull first (A),Probate / Estates / Unknown Heirs,"Clerk of the Circuit Court, Probate Division","540-507-7603, 540-507-7620",https://www.spotsylvania.va.us/1187/Probate-Estate-Administration,"9107 Judicial Center Lane, Spotsylvania, VA 22553",sstanley@vacourts.gov,Easy,Daily,Verified,"Probate is done by appointment only. Applications can be submitted by email, mail, or in person. Original documents are required. The Clerk acts as a probate judge. Notice to Creditors opens the claim window and names the decedent + personal representative; probate rarely carries the property address (a separate assessor lookup fills it). Contact the personal representative / executor, never the deceased.",county-compare-51153-51059-51013-51179-51177-51630-doors-per-deal-community.xlsx
spotsylvania_va,"Spotsylvania, VA","Spotsylvania County, VA",Pull first (A),Foreclosure (first public signal for this state's process),Clerk of the Circuit Court (Recorder of Deeds),540-507-7600,https://www.spotsylvania.va.us/1210/Records-Recordation-Services,"9107 Judicial Center Lane, Spotsylvania, VA 22553",,Medium,Daily,Verified,"Virginia is a nonjudicial / power-of-sale state. The first signal is a recorder-filed notice of default or a published trustee-sale notice, which hits the recorder index BEFORE the newspaper ad. Online access to recorded documents is by paid subscription only (VA Code § 17.1-277.6). Public notices, including foreclosure sales, may also be found in local newspapers like the Fredericksburg Free-Lance Star (fredericksburg.column.us).",county-compare-51153-51059-51013-51179-51177-51630-doors-per-deal-community.xlsx
spotsylvania_va,"Spotsylvania, VA","Spotsylvania County, VA",Pull first (A),Recorder / Register of Deeds - Lien & Deed Index,"Clerk of the Circuit Court, Records & Recordation Services",540-507-7609,https://www.spotsylvania.va.us/1210/Records-Recordation-Services,"9107 Judicial Center Lane, Spotsylvania, VA 22553",,Medium,Daily,Verified,"The Clerk is responsible for retaining all deeds and land records. Online access to recorded documents (including mechanic's, tax, HOA, child-support liens, and lis pendens) is by paid subscription only (VA Code § 17.1-277.6). Recording hours are Monday-Friday from 8:00 AM to 3:00 PM. A Virginia Land Record Cover Sheet is required for all documents to be recorded. GOTCHA: tax and child-support liens are indexed against the PERSON, not the parcel - name-match to the assessor roll.",county-compare-51153-51059-51013-51179-51177-51630-doors-per-deal-community.xlsx
spotsylvania_va,"Spotsylvania, VA","Spotsylvania County, VA",Pull first (A),Tax Sale / Delinquent Tax Auction,Treasurer's Office,540-507-7105,https://www.spotsylvania.va.us/435/Public-Treasurers-Land-Sale-Information,"9104 Courthouse Rd, Spotsylvania, VA 22553",,Easy,Annually/As needed,Verified,Virginia is a tax deed state (usually no redemption after the sale). The Treasurer's office conducts auctions for land for sale due to unpaid real estate taxes. The list publishes as a legal notice weeks before the sale; market the owner before the auction. Information on upcoming sales is posted on the county website.,county-compare-51153-51059-51013-51179-51177-51630-doors-per-deal-community.xlsx
spotsylvania_va,"Spotsylvania, VA","Spotsylvania County, VA",Pull first (A),County Tax Delinquency (pre-sale roll),Treasurer's Office,540-507-7105,https://www.spotsylvania.va.us/435/Public-Treasurers-Land-Sale-Information,"9104 Courthouse Rd, Spotsylvania, VA 22553",,Easy,Ongoing,Verified,"The Treasurer's office manages delinquent real estate taxes. While a specific 'pre-sale roll' portal isn't explicitly stated, the land sale information page is the primary source for tax-related property issues. Contact the Treasurer's office directly for the most current delinquent roll. Cities often levy their own property tax (a separate city delinquent list).",county-compare-51153-51059-51013-51179-51177-51630-doors-per-deal-community.xlsx
spotsylvania_va,"Spotsylvania, VA","Spotsylvania County, VA",Pull first (A),City Tax Delinquency (each incorporated city),N/A - Spotsylvania County has no incorporated cities.,,,,,,,Verified,"Spotsylvania County does not contain any incorporated cities, therefore there is no separate city tax delinquency list.",county-compare-51153-51059-51013-51179-51177-51630-doors-per-deal-community.xlsx
spotsylvania_va,"Spotsylvania, VA","Spotsylvania County, VA",Pull next (B),Code Violations - City,N/A - Spotsylvania County has no incorporated cities.,,,,,,,Verified,"Spotsylvania County does not contain any incorporated cities, therefore there is no separate city code enforcement.",county-compare-51153-51059-51013-51179-51177-51630-doors-per-deal-community.xlsx
spotsylvania_va,"Spotsylvania, VA","Spotsylvania County, VA",Pull next (B),Code Violations - Unincorporated County,"Department of Community Development, Code Enforcement Division",540-507-7222,https://www.spotsylvania.va.us/165/Code-Enforcement,"9019 Old Battlefield Blvd, Spotsylvania, VA 22553",,Medium,As reported/investigated,Verify locally,The Code Enforcement Division investigates complaints regarding violations of the Spotsylvania County Code. Online access to specific violation records may require a public records request. Unincorporated county code offices are typically behind - records request only.,county-compare-51153-51059-51013-51179-51177-51630-doors-per-deal-community.xlsx
spotsylvania_va,"Spotsylvania, VA","Spotsylvania County, VA",Pull next (B),Condemned / Unsafe Structures / Demolition,"Department of Community Development, Code Enforcement Division",540-507-7222,https://www.spotsylvania.va.us/165/Code-Enforcement,"9019 Old Battlefield Blvd, Spotsylvania, VA 22553",,Medium,As reported/investigated,Verify locally,Information regarding condemned or unsafe structures would fall under the purview of Code Enforcement. Specific lists of such properties are generally not available online and would likely require a public records request.,county-compare-51153-51059-51013-51179-51177-51630-doors-per-deal-community.xlsx
spotsylvania_va,"Spotsylvania, VA","Spotsylvania County, VA",Pull last (C),Multiple-Eviction Landlords,General District Court,540-507-7650,https://www.vacourts.gov/courts/gd/spotsylvania/home.html,"9107 Judicial Center Lane, Spotsylvania, VA 22553",,Hard,Daily,Verified,"Eviction (unlawful detainer) cases are heard in the General District Court. To identify multiple-eviction landlords, one would need to pull the court's eviction docket and analyze the plaintiff (landlord) filings. This typically requires in-person research or a subscription to a legal data service, as online dockets may not be easily searchable by plaintiff across multiple cases. Hunt the PLAINTIFF (landlord), not the tenant; 2+ filings in 12 months = a tired landlord.",county-compare-51153-51059-51013-51179-51177-51630-doors-per-deal-community.xlsx
fredericksburg_city_va,"Fredericksburg City, VA","Fredericksburg City County, VA",Pull first (A),Probate / Estates / Unknown Heirs,"Fredericksburg Circuit Court Clerk's Office - Jeff Small, Clerk of the Circuit Court",540-372-1066,https://www.fredericksburgva.gov/653/Wills-and-Probate,"701 Princess Anne St Suite 100, Fredericksburg, VA","Not explicitly listed for probate, but the city has a FOIA portal.",Moderate,Ongoing as estates are filed.,Verified,"Probate is by appointment only. Requires submitting a probate packet form, copy of will (if any), death certificate, and list of heirs. The Clerk's office cannot assist with preparing or correcting files. Small Estate Affidavit (personal property < $75,000) and Real Estate Affidavit forms are available but not filed with the court. The Commissioner of Accounts oversees estate administration.",county-compare-51153-51059-51013-51179-51177-51630-doors-per-deal-community.xlsx
fredericksburg_city_va,"Fredericksburg City, VA","Fredericksburg City County, VA",Pull first (A),Tax Sale / Delinquent Tax Auction,City of Fredericksburg Treasurer's Office,540-372-1001,,"715 Princess Anne Street Room 118, Fredericksburg, VA 22401",https://www.fredericksburgva.gov/525/Treasurer (FOIA Request Form link available on this page),High,"Annually, but specific dates vary.",Verified,Virginia is a tax deed state. The list publishes as a legal notice weeks before the sale. Likely requires direct contact with the Treasurer's office or monitoring local legal notices.,county-compare-51153-51059-51013-51179-51177-51630-doors-per-deal-community.xlsx
fredericksburg_city_va,"Fredericksburg City, VA","Fredericksburg City County, VA",Pull first (A),County Tax Delinquency (pre-sale roll),City of Fredericksburg Treasurer's Office,540-372-1001,,"715 Princess Anne Street Room 118, Fredericksburg, VA 22401",https://www.fredericksburgva.gov/525/Treasurer (FOIA Request Form link available on this page),High,Ongoing roll.,Verified,This is the pre-sale roll for owners who owe but no auction date is set yet. Likely requires direct contact with the Treasurer's office.,county-compare-51153-51059-51013-51179-51177-51630-doors-per-deal-community.xlsx
fredericksburg_city_va,"Fredericksburg City, VA","Fredericksburg City County, VA",Pull first (A),City Tax Delinquency (each incorporated city),City of Fredericksburg Treasurer's Office,540-372-1001,,"715 Princess Anne Street Room 118, Fredericksburg, VA 22401",https://www.fredericksburgva.gov/525/Treasurer (FOIA Request Form link available on this page),High,Ongoing roll.,Verified,"Fredericksburg is an independent city, so this covers all city property taxes. Likely requires direct contact with the Treasurer's office.",county-compare-51153-51059-51013-51179-51177-51630-doors-per-deal-community.xlsx
fredericksburg_city_va,"Fredericksburg City, VA","Fredericksburg City County, VA",Pull first (A),Foreclosure (first public signal for this state's process),Fredericksburg Circuit Court Clerk (Land Records Division),540-372-1066,,"701 Princess Anne St Suite 100, Fredericksburg, VA","Not explicitly listed for land records, but the city has a FOIA portal.",Moderate,Ongoing as foreclosures are filed.,Verify locally,Virginia is a non-judicial foreclosure state. The first public signal is a recorder-filed notice of default or a published trustee-sale notice. These hit the recorder index before newspaper ads.,county-compare-51153-51059-51013-51179-51177-51630-doors-per-deal-community.xlsx
fredericksburg_city_va,"Fredericksburg City, VA","Fredericksburg City County, VA",Pull first (A),"Recorder / Register of Deeds - Lien & Deed Index (mechanic's, tax, HOA, child-support liens; lis pendens)","Fredericksburg Circuit Court Clerk (Land Records Division) - Jeff Small, Clerk of the Circuit Court",540-372-1066,https://www.fredericksburgva.gov/653/Wills-and-Probate,"701 Princess Anne St Suite 100, Fredericksburg, VA","Not explicitly listed for land records, but the city has a FOIA portal.",Moderate,Ongoing.,Verify locally,"Liens (mechanic's, IRS & state tax, HOA, child-support liens, lis pendens) are recorded in the land records. Tax and child-support liens are indexed against the person, not the parcel. Likely requires in-person search or a paid subscription service for a comprehensive index.",county-compare-51153-51059-51013-51179-51177-51630-doors-per-deal-community.xlsx
fredericksburg_city_va,"Fredericksburg City, VA","Fredericksburg City County, VA",Pull next (B),Code Violations - City,City of Fredericksburg Building Services Division (Community Planning and Building Department),540-372-1080,https://www.fredericksburgva.gov/814/Building-Services,"601 Caroline Street Suite 400, Fredericksburg, VA 22401","Not explicitly listed for Building Services, but the city has a FOIA portal.",High,Ongoing.,Verified,The Building Services Division administers the Virginia Uniform Statewide Building Code and Property Maintenance Code. Likely requires a public records request for specific violation lists.,county-compare-51153-51059-51013-51179-51177-51630-doors-per-deal-community.xlsx
fredericksburg_city_va,"Fredericksburg City, VA","Fredericksburg City County, VA",Pull next (B),Code Violations - Unincorporated County,Not Applicable,,,,,,,Verified,Fredericksburg City is an independent city and does not have unincorporated county areas.,county-compare-51153-51059-51013-51179-51177-51630-doors-per-deal-community.xlsx
fredericksburg_city_va,"Fredericksburg City, VA","Fredericksburg City County, VA",Pull next (B),Condemned / Unsafe Structures / Demolition,City of Fredericksburg Building Services Division (Community Planning and Building Department),540-372-1080,https://www.fredericksburgva.gov/814/Building-Services,"601 Caroline Street Suite 400, Fredericksburg, VA 22401","Not explicitly listed for Building Services, but the city has a FOIA portal.",High,Ongoing.,Verified,These records are typically handled by code enforcement or building departments. Likely requires a public records request.,county-compare-51153-51059-51013-51179-51177-51630-doors-per-deal-community.xlsx
fredericksburg_city_va,"Fredericksburg City, VA","Fredericksburg City County, VA",Pull last (C),Multiple-Eviction Landlords,Fredericksburg General District Court Clerk,,https://eapps.courts.state.va.us/gdcourts,"701 Princess Anne St, Fredericksburg, VA","Not explicitly listed, but the city has a FOIA portal.",High,Ongoing.,Verify locally,"Hunt the PLAINTIFF (landlord), not the tenant. Two or more filings in 12 months can indicate a ""tired landlord."" The state portal allows searching by name, case number, or hearing date.",county-compare-51153-51059-51013-51179-51177-51630-doors-per-deal-community.xlsx
